text,label,notes
They included Glass Onion but not The Northman. In my opinion that is an absurd opinion. An opinion that could not be justified to me under any circumstances. I would disagree with that opinion regardless of the explanation. I simply can’t co-sign such a viewpoint.,reaction,
"That's exactly how I felt! I thought it was heading towards something great and I liked a lot of the ideas it set up, then just got increasingly confusing and makes such big jumps in time without any explanation.",reaction,
"Curious if you got to watch Bardo by Alejandro Inarittu? I put it in my top 10 and love his surreal style mixing in with the meta life.

I haven’t seen it on any lists much but I really resonate with it. Could be that it’s also because I’m a Mexican/American and I relate with the heavy intercultural themes.",reaction,
I thought Kimi was awful. I feel like I am losing my mind every time I’m seeing people’s opinions of the year’s films bc it seems to always come up. I guess we’re crazy.,reaction,
I thought Babylon was a damn masterpiece,reaction,
I had the same reaction to Kimi.  It was just so so bad.  I don’t think I’ve ever bought into a single conspiracy in my whole life but I could be convinced that there is a one going on to make people think this terrible movie is good.,reaction,
"Probably the fairest review he could've given. Man I loved those movies when I saw them in theatres at like 7 years old, especially that sequel -- was that Monsters Unleashed? But for an adult... yeah i can't imagine concluding anything other than ""it is what it is""

I still can't believe Matthew Lillard played Shaggy",reaction,
just thought it was frickin epic brah 🤘,reaction,
"I was actually wondering if maybe every publication felt like they needed to be on Soderberg's good side for some reason, so I guess I was getting conspiracy-minded too lol

The only reason I stuck through it was because it took place in my city and it was fun to see familiar sites",reaction,
">Also, does anyone have suggestions for a under-the-radar, 'fun' popcorn movie from this list? I'm leaning towards 'Decision to Leave' based on the director's past

Maybe check out Athena. :) I love Decision to Leave tho!",reaction,
"I loved Bardo so much, a bit bizarre to me that it hasn’t been discussed much, but I wonder how accessible it is to people without some baseline of Mexican history/culturalknowledge",reaction,
I need to check it out! I regret not seeing it in theaters but I really should watch it.,reaction,
"I've seen every major Tarantino film bar Jackie Brown (I should get around to that), but I have zero interest in rewatching any of them, and I'm pretty sure I didn't bother finishing a couple. 

I think I get why people like them, but idk, they just leave me cold.",reaction,
I honestly think Green Mile is a laughably bad movie.,reaction,
Booksmart is so good! I also really enjoyed Moxie.,reaction,
"Loved Booksmart, and also Eighth Grade. Second Easy A, an absolute favourite. And for a madcap teenagers in love film, try Rosaline.",reaction,
Turn of century Brooklyn looked dope in movie though.,reaction,
It's so effin good start to finish.,reaction,
I personally wouldn't equate opiates with marijuana. I had people in my life die from opiates. I see your point about the melodrama tho.,reaction,
Agreed! The music stood out as a highlight and I immediately listened to the soundtrack again last night on my way home from the theater.,reaction,
Daniel Rossen and his previous band Grizzly Bear are absolute treasures.,reaction,"praises the composer/band, feeling about the music"
"Agreed. 

And while we're here, I thought conversations at the bar in the end were perfect. 

The movie did a great job of never stepping on or ruining what it has already laid out.",reaction,"names the bar conversation as object of praise, decorative"
"Yea, it's such a good movie to add to the canon. 

And thanks for the correction. For whatever reason, I thought a love triangle was A loves B loves C loves A. But I stand corrected.",reaction,"mostly housekeeping/correction with a bare ""good movie"""
"A very dialogue heavy movie in a sort of unpleasant way. I still liked it, though.",reaction,"""dialogue heavy in an unpleasant way"" is impression, decorative"
"it’s the first 3h+ film where I was literally GLAD there was more left actually. We all have different sensibilities, if you didn’t like it that’s fine, but believe us when we say we genuinely liked the pacing.",reaction,"pacing dropped on a feeling, no specific beat"
"Yeah, I get what you’re saying. I’ve been watching that movie multiple times a year since it came out on video in the late 80s. I have no idea why it’s so beloved. It really is terrible, but we love it. I think if you saw it as a kid without a lot to compare it to it holds a place in your heart forever.",reaction,
I did watch it many times as a kid and it does hold a place in my heart forever. I practically know the entire script by heart.,reaction,
"For sure, I enjoyed it okay but after my first watch I thought ""that's it?"".  It sat with me though and I've found myself thinking about it more and more, especially the soundtrack stuck in my head.

I know some of what we enjoy comes down to projection, so I don't at all begrudge anyone their empty feeling or associating it with Fincher's filmography.  Though if someone wants to attribute their interpretation to his intention in order to fill in the meaning it wasn't meant to have, a part of me can't help but akshually their akshually.",reaction,feelings about the film with soundtrack mentioned decoratively
"I grew up with Ghost Dog getting played at least once a month by my brothers. He was a staple in my house. Additional small role in ensemble, Smoke. It is one of my favorite movies and his performance always gets me. Plus great stuff from Harvey Keitel and William Hurt",reaction,
Definitely agree on that selection tho I've never seen the Zeffirelli.,reaction,"agreement plus admission of not seeing a film, minimal film point"
Says all you need to know about the rest of the film.....,reaction,
Yep. Turned it off halfway through. Everyone seems so hyped about it but the movie came off as slow and unengaging,reaction,"bored impression with ""slow and unengaging"" verdict, no specific"
Oh wow I didn’t think about this but you may be right re: being a bit unwell.,reaction,just agreement with a character-being-unwell read
Glad I'm not alone on it. Was bored out my mind lol,reaction,
"One of our top ten, really. My wife is native, so that may be part. However, we love the performances. Wes Studi, Eric Schweig. Russell Means (I was lucky enough to see him speak once). I have a lot of appreciation for Michael Mann for his work on this film.",reaction,
Definitely not *sexy* fucking!,reaction,
Ballard did not anticipate Julia Ducournau lol,reaction,
*The Last Detail* is a fantastic movie.,reaction,
"This film really took a toll on me and wondering why ANYONE would make a film and call it art or make it into something that is disturbingly disgusting. My first time and only time I ever watched this was when my “friend” introduced me to this, and gladly they are not my friend anymore. But this film really made me disgusted and want to cry, and feel so much empathy for things that can happen. NEVER again will I ever watch this and if anyone says otherwise, then I wouldn’t want to even be around the person and not even be around my future kids especially.",reaction,
I would have loved a film where it's just a son and his court-appointed guardian during a weekend away from his mother who is on trial.,reaction,
"That's interesting, I would wonder if the film has any references to addiction.",reaction,
Some say he did just fine,reaction,
Excellent observation. These are definitely signs of their paternal impulse.,reaction,
None of that excuses the boring-ass characters and exposition of Part 1.,reaction,
"i liked the protagonist too, but lady raven was really annoying. It was frustrating as hell how he kept letting her dunk on him over and over",reaction,
"What are the odds, the thread is 8 years old and we comment on it two days apart!

I share your opinion. The atmosphere of the movie was very unique and there were lots of thoughtful “would I do the same in this situation?” moments. Recently read an interview with Eva Green that she gave decades after the movie was made, and it seems like everyone had fun on set and they stayed in touch, which is great.",reaction,
Taxi Driver is pretty good,reaction,
The progression of the voice in power is an interesting observation I've not considered. I like it.,reaction,
"I know im late to the party buuuuut...This was the worst since 2 imo. It just felt off from the beginning. Straight away I knew it was a different Director yet had know idea prior. Had been looking forward to this after rewatching all except 2, just to see the flow. But this sadly was a massive miss. And Ilsa dying sucked big bad balls.",reaction,
"I walked into the hobbit unaware when that first one came out and I cannot tell you how bad it was and how much I disliked the frame-rate. 

It seems to be a case of wither people don’t notice or people hate it. You won’t see many people think it elevates anything.",reaction,"recounts disliking Hobbit frame rate, mostly impression"
Licorice Pizza is a fantastic PTA film! My wife and I saw it last Sunday. It was a re-watch for me and the first time for her. We both loved it. The film has a positive can-do spirit.,reaction,
Wow that’s insane! I also read the Bp oil rig explosion and spill happened on the first day of filming,reaction,
I understand Barbie's message. Like I said it is shallow and I do not agree with it.,reaction,
"Same! In the latter half I was just praising her like ""W wife fr"" and stuff",reaction,
exactly all the duvall scenes are sooo good,reaction,
but the duvall scenes are amazing...,reaction,
Really? Most of these movies are pretty popular and mainstream.,assertion,
"My only advice, which has been working for me, is simply to watch more movies. The more you watch, the more you have the ability to critique and think. You’ll notice down the line how you fondly remember the pacing of X movie, the camera work of Y movie, and the performances of Z movie after watching more and finding your own preferences. End of the day, enjoyment is subjective, so you’ll never be wrong about how you feel a movie is. The important thing isn’t to be original and feel intellectual, it’s to enjoy the films, and enjoy joining into the discussions, even if only to listen to what others think!

And if sometimes you find your thoughts going against the grain, that’s fine. You won’t line up with the mass opinion on everything, and that’s good. It makes your voice unique.",assertion,
"When you're reading a review, you're usually reading nothing more than an opinion that cites its sources a little more than normal. You can do the same thing, though.   


How often do you feel like you can justify your own opinions without reading an opinion? If there's a scene in a movie you especially like, how well are you able to articulate what exactly you like about it and why?  


Most of the time, I find that when I feel the least sure of my own opinions, it's because I haven't really thought to justify them. So when someone else comes along with a 4 page long justification of their own opinion, it's hard to disagree, because I'm not even sure of what my own thoughts are, exactly.",assertion,
"Honestly, one of the best things you can do is just read and listen to a bunch of good critics. Its not to copy them. It gives you insight into what they're looking for and how they deconstruct a film. Pay specific attention to how they come to their conclusions about what they deem good or bad. You don't even have to agree with it, but it can show you a systematic approach to film criticism. This would help you narrow in on expressing your own opinions on why you like or dislike a film.

There really is an art to expressing your own views when it comes to a specific topic. And like anything else, it just going to take learning and practice to actually get good at it.",assertion,
"Little late here, but I just finished banshees and last week gave In Bruges a rewatch (after 10ish years). 

I found In Bruge to be the more tightly written movie, but both actors have matured significantly in their talent, and so I found the performances were better by both in Banshees. 

Overall, both good to great films and each approach some philosophical ideas with some dark humor.",assertion,
"I love Jackass but did not see the most recent one. It does seem like Jackass is a young man's game, and I would imagine it doesn't work when they seem old and beaten down. 

It doesn't seem like something you recruit for, but I do wonder where the new breed of Jackass-like guys are.",assertion,
"I’m 2 years late to this discussion but the film gets high praises from me because it mirrors my life. I came from a lower middle class family. My mom, while enjoying former glories like the mom from parasite, had the propensity to moonlight as a member of the upper class. She thought having a service job, close to rich people made her part of that world. She’d work in their homes, take some their unused, brand name items and she considered that a win. Her only concept of a retirement plan was me because I was smarter, college educated and I genuinely could fit into both worlds, kinda like the Kim son in this story. In the end, my moms luck ran out before I “made it” in life, just like Mr Kim. Now I live with that burden of wanting to improve my moms circumstances even though she herself was very unrealistic about her life trajectory. Totally not fair that I’m burdened with this but it’s the untold story of tons of people like me. 

I loved the movie because it was my first time witnessing a story so similar to my own being told through film. A lot of it is outrageous but not far fetched at all. It seems like one would need to live a life adjacent to the Kim’s to truly appreciate this story. It’s a 10/10 for me.",assertion,
"There are almost every movie I loved but Godland, also the Northman. Godland in particular is a movie I want to see again and again.

Crimes of the future (I love Cronenberg) is a joke of a movie, shouldn't be in this list.",assertion,
"Nice post, but I think you're being way too pessimistic about phones. People definitely still strike up conversation on trains, especially two hot people in their early 20s riding solo through Europe. You think the modern day Ethan Hawke, an American traveling abroad, full of piss and vinegar, is going to scroll on his phone when Julie Delpy sits down next to him? 

And old couples will *definitely* choose to loudly bicker (no matter their surroundings) instead of sink into their phones. I'm also pretty down on what smartphones have done to this society but I do believe that people still have a pulse out there. Do agree on the overall tone of your post though, great film that feels nostalgic despite never actually being there.",assertion,
"I agree and am quite partial to surrealism myself too. Have you seen Bardo yet? I felt what Innaritu went for with that and was pretty great, Khondi's cinematography was awesome too, and was gutted to see it get a lukewarm reception as it deserves so much more.",assertion,"names cinematographer (Khondji) but decoratively, no specific instance supporting praise"
"I am with you. Bad films have problems that you can't get over, that you can't overlook - so it is (most of the time) easy to put into words what you did not like about such a film.  
Good films often come together perfectly; all the ""moving parts"" are good, but they also combine to create something bigger. Almost impossible to describe in writing (or otherwise).

But even though it is ""easier"", I still don't enjoy writing bad reviews, because it mostly frustrates me. It frustrates me that I watched a bad film when I could have spent that time watching a better one. And it frustrates me that so many people (cast, crew, etc.) had their time wasted producing something that is worse than what they had every right to hope for and expect.  
And it frustrates me, because (while there might be some value in ""warning"" someone), I prefer recommending good films to people rather than suggesting to them what to avoid.",assertion,
"When I love a film, I can gush about it endlessly, for hours and hours, without pause. But I won't usually be talking technicality -- I'll simply talk about the many ways in which I was moved. Moments and beats that affected me on an instinctive and emotional level. When I dislike a film, I find, strangely, that I can do almost the same  thing -- go on endlessly about why I hated it, but in this case I will probably be overly technical about how the film failed. I can do both of these to a similar degree, but one of these activities induces bitterness, and the other spreads joy at mutual appreciation of a work of beauty. So it's an easy choice for me between which one I enjoy doing more. 

The one type of film that I find throws a wrench into this is movies that are neither good nor bad -- mediocre films. I find these so hard to review because it's not specific problems so much as a general lack of soul, or spark, or whatever you wanna call it. While I can rant about bad movies for hours, and good movies for even longer, mediocre movies are the ones for which I really struggle to get through even a short review",assertion,
"The Menu was terrible and it’s omission is well deserved.

The movie had absolutely nothing interesting to say. Every point it tries to make is full of hypocrisy.",assertion,
">Satyajit Ray is a lesser filmmaker than Ingmar Bergman

Satyajit Ray already gets plenty of international acclaim. As you mentioned sin your original post, he is the exception to the rule. Do you have any recommendations for the other directors you mentioned?

I think the main problem faced by Western (or maybe non-Indian) audiences and critics, is that there's so much output from India's different movie scenes that it's hard to navigate as an outsider. It's massive and dense, and those outside it don't have the context to navigate it without some guidance. Even just from a language perspective, there's nothing with that kind of variety.",assertion,
Such a horrendous take on aftersun. It’s a superbly made film that certainly flies by at around 90 minutes.,assertion,
"Glass Onion knows what it is and executes that vision better. For all its grandeur and tributes to pre-Code Hollywood, I felt that Babylon had very annoying dialogue and Robbie and Pitt’s characterisation did not sustain my interest for the running time.

Elvis is trash, worst movie I saw in 2022",assertion,
"‘tightly written’

Oh definitely. But I think that’s how I could enjoy Bruges over Banshees. Bruges gives me Lock, Stock and Two Smoking Barrels vibes but imo a tad better if I had to choose.",assertion,
"You know what, I think you are right. They love to publish these lists prematurely so it's totally possible they passed over Babylon in order to get the list out earlier.",assertion,
"Recently, Top Gun: Maverick. I try to judge movies by how well they accomplish what they set out to do, and I think this movie nailed what it was going for. I think it’s about as good as a Top Gun sequel probably could’ve been. I still didn’t like it. I admire it, and respect it, but that brand of cheese just isn’t for me.",assertion,
requiem for a dream is reefer madness for the 21st century. it's well constructed but it's so fuckin ridiculously over-the-top melodramatic that it's hard to take seriously,assertion,
"Prince of Darkness has serious momentum. It takes a little while to get cooking but once it does, it is so much fun, and it climaxes hinting at something with true enormity. 

Love this film, one of my top 2 or 3 from Carpenter. And his score helps give the movie its thrust.",assertion,
"Wrong. Heart of Darkness had nothing to do with satirizing imperialism. It was about the duality of man, of either giving into savagery or maintaining your humanity all set up with the backdrop of Belgian colonialism to evoke vitality.",assertion,
"I also really enjoyed the book. Didn’t read it until a couple years ago. It gave me more Fallout mental imagery vs the film, and I liked the protagonist more in the book. The movie is a work of art. Each scene a painting I’d love to see in a gallery, or on my wall. I adore the mood. The soundtrack is peak 80s, and nostalgic. I’ll rewatch often for all those reasons, and not the story. It’s nice both exist.",assertion,"praises mood/soundtrack but only decoratively, no specific instance"
"Yeah it sucks. Basically all midbudget US comedies that did well have died as genre. With the rare exceptions here and there. Those that're made for streaming mostly suck.

It seems studios are too risk averse, or see tv scratching that itch better.

I dunno what the answer is - how what was once a type of film that got people out to the cinema can return.",assertion,
I didn't like it. The middle third where they're talking over Skype should have been cut out and more time spent developing their childhood and present day. Or more time developing their teenage years right after Nora leaves Korea. The dialogue was also awkward at times.,assertion,
"Judd Apatow reduced cinematic cinema to two dudes saying funny things in non-descrupt rooms which essentially rendered it equal to tiktok and youtube content so most people stopped going to see comedies in theater. They have almost the same thing at home, comedically speaking, for free, why bother paying?",assertion,
The cop’s reaction was completely ridiculous but why do you act as if it was completely unprovoked as if he wasn’t trying to MURDER Sal and choke him to death 🙄,assertion,
"i had a pretty seriousl painkiller habit myself for years, the comparison i was making was more about the hysteria the movie treats the subject rather than a comparison of the drugs themselves, which i agree aren't really comparable",assertion,
"Some examples of these kinds of comedies released in the last few years. There are probably more:

Blockers (2018)

Booksmart (2019)

Yes, God, Yes (2019)

Freaky (2022)

Happy Death Day / 2 U (2017/19)

To All the Boys I've Loved Before + sequels (2018/20/21)

Do Revenge (2022)

Bottoms (2023)",assertion,
"Pacino took it past eccentric to “14 year old with too much caffeine during the holidays.” I am willing to forgive some of the pacing and weird sexual/gender role decisions as a symptom of the times, but the acting felt B movie, and not in a good way.",assertion,vivid acting verdict but no specific scene
"Very glad to see this mentioned here. This is a special movie for all of the reasons you describe — it’s just this kind of magical one-off thing that couldn’t have been longer, couldn’t have been shorter, couldn’t have been live action, etc etc. I saw it in my youth and loved it, then rewatched it again recently and was shocked to find how brilliant it is. Style over substance, trashy, hyperkinetic, unapologetic fun. Just pure amoral fun. A lot of movies try for this tone and very few manage it this well.",assertion,form claims (couldn't be longer/shorter) but no specific instance
Booksmart is the best of the bunch in recent years,assertion,
"I’ve seen this countless times. It is an absolute high water mark of animation. The style of animation reminds me of Redline, Super Jail, and also somewhat of FLCL. Dead Leaves reminds me mostly of Superjail just not quite as goofy.",assertion,"animation-style comparisons but as impression, no specific instance"
"I know everyone's entitled to their opinion, but I honestly can't understand how anyone could find Kidman being the better actor in that movie, especially in the scene you mentioned. Like, what ...Glad your comment has more support than his :D",assertion,"opinion on Kidman's acting, references a scene without describing it"
"Hmmm. I mean, its not the prettiest looking movie I've ever seen, and while I'm not saying the purpose of good cinematography is to be pretty, surely that ups your chances at getting a nomination for your pains!",assertion,"opinion on prettiness/nomination odds, no specific"
">An Oscar nomination is not necessarily some ""official"" determination of what's great or not.

No doubt, there are many more examples.

> You should look at the other four nominees that year in addition to Barry Lyndon.

Very impressive films, indeed",assertion,agrees and gestures at other nominees but names none himself
"All of Chris Nolan's movies suffer from the ""Basil Exposition"" syndrome.",assertion,
"Wow. I don't agree. Pacino is fantastic in everything.

If you go in expecting an action movie, you will be disappointed. The shootout was not the point.

It was basically a soap opera for men, about how this cop and this criminal live oddly similar lives.",assertion,"interprets Heat as ""similar lives"" soap opera, no specific scene"
"Absolutely. I think it's really important what goes said and unsaid in his inner thoughts. His philosophy about life also seems to be all over the place and superficial.

I like the thought that the Killer is kind of like a filmmaker, but I just don't get much out of that interpretation. Also I think Fincher would never make a movie about himself haha",assertion,
"Strongly agree. It also didn’t help that the other characters in the story weren’t interesting at all, and when they were on screen had one sided conversations with the silent Killer. On one hand I get the general idea that The Killer is an anti-social psychopath so I’m fine with him not speaking a lot - but then give us some other character we can enjoy or that contrasts in some way 

Also seemed like a lot of him breaking his own rules which he was constantly reciting in his head. Maybe that was explained in the source material but wasn’t in the film - unless I missed it?",assertion,reasons about characters/rules but names no specific beat
In my opinion The Killer is about as ‘footnote’ of a movie as it gets. No memorable characters. Nothing outside of what you expected from the genre. Nothing wrong with it - but nothing to write home about,assertion,
You mean people don’t just stand there letting you repeatedly spin-kick them in the face in real life? Have you even been in a fight?,assertion,snarky but engages realism of the fight choreography
"Definitely. There are references to corporations everywhere in the movie. I was surprised that he seemed to be making another movie about ""the system"".",assertion,"""references everywhere"" but no specific instance named"
"I’m saying even by action/martial arts movie standards, it’s very badly done",assertion,
"That middle one lives or dies based on how interesting and well depicted the virtual world is. It could be really great or it could be really awful, I don't think you can judge it yet.",assertion,
"All well and valid. I’m certainly not here to tell anyone how to interpret the film nor will I dissuade if anyone enjoyed it. It truly does feel like a straightforward endeavor from Fincher—which he has every right to do. Ultimately, I guess what I’m saying is that I found it rather bland. That’s all. His worst film is still miles above most folks but feels a bit like an outlier compared to his other works. 

Thank you for sharing the information though, it certainly clarifies some of the ambiguity I had with the film.",assertion,
"Just curious what you think has really good fight choreography. For me, The Raid: Redemption is just so amazing that it kind of ruins everything else. I think Ong Bak is pretty great and the first two Ip Man movies, early Jackie Chan is fun, but that’s about it for me these days.",assertion,"lists fight-choreography films as personal preference, no specific evidence"
"Tilda’s character is memorable to me. But overall I agree, i don’t think the rest will stick",assertion,"names Tilda's character as memorable but as impression, claim is ""rest won't stick"""
The first 20 minutes are the best part of of movie,assertion,
"It's not edgelord music, but when you think of a Smiths fan, you have an idea in your head, and it's not really that of this stone cold killer.",assertion,
"Yeah I somewhat agree, obviously those films are trash and there's a fundamental misunderstanding of how cinema works amidst a certain crowd of lowbrow watcher. their biggest gripes are usually superficial things like ""plot holes"" or ""bad characters"", and often use completely arbitrary statements like ""pacing"" to assess films, completely ignoring the importance of subtext. 

However I don't think appealing to authority in your last sentence is that fair. lot of great films have been critically panned, some of which were then reassessed decades down the line",assertion,cites critical-panning-then-reassessed pattern but names no specific film
Children of Men and Come And See are the only ones that come close for me,assertion,
"I'd only put Ran above it. And as you say, his legacy would be great with just his direction or his acting, he got both.",assertion,
"I agree I watched it recently and watched it again a week ago, and at some points I genuinely did laugh out loud, which is rare, especially when watching something alone. I felt attached to the characters, and wanted Josie and Isabel to end up together in the end: they were a cute couple. I also found the satire did work really well, it was a caricature of high school life, obviously it's not going to be realistic. People need to stop deeping everything",assertion,"mostly feelings about characters, but claims the satire worked as caricature"
"I really think that there is no more a reference to the exploitation of a capitalist system in the film than there is one about perfectionism in baking. I feel like you came to the film while thinking a lot about capitalism, so I see how that might fit, but perfectionism and trying to be very good at something and building your identity around it has nothing to do with money sometimes. Unless you count ""feeling good"" and ""being admired"" as a form of capital, in which case everything is capitalism.",assertion,
"I totally agree with you about the character of Hazel, she definitely stood out but was not classed as one of the protagonist, I feel with her is where the film tried to have their cake and eat it too. Her motivations and decisions made the film unique. I was surprised with myself on how much i enjoyed the film, i have been avoiding teen comedies lately and i'm glad that i did not avoid this one.",assertion,
"Barbie is more than marketing, it was so profound and excessive or even politicized. I don't live in the US so that might be the reason I find it so crazy and nonsense but as a role model or toy (whatever you say) Barbie means nothing to me. That movie and the crowd behind it make the whole thing as ""you don't adore the movie then you are sexist, you adore the movie then you're a great person"" You were attacked and got cancelled for telling ""it is OK just fun but nothing great"" so that reminded me of kpop scene and stan groups somehow.",assertion,claim Barbie is profound mixed with fandom discourse
Did you watch the movie? How can you watch that ending and think that Villeneuve thinks Paul is a hero let alone that he presented him as one?,assertion,"points to the ending as evidence but rhetorical, no detail of the ending"
"I know who Wes Anderson is.  A director with the specific style that I really like.  You can at the very least say that you can never expect where the stories he is telling are going.  It is always a delight to watch ones of his movies.

I know who Michel Legrand is.  A composer of some excellent soundtracks that were able to move into the mainstream and who has won several awards.  Some of the songs he made outside movies are still often used in short films or commercials (like  ""Di-gue-ding-ding"")

I do not know who Wesley Morris is.

I do not know The Big Picture Podcast.",assertion,"mostly about knowing film figures, lists Legrand credentials with light specifics"
"I kinda liked the 4th matrix, it wasn’t as groundbreaking as the first 2, but then what it right???? The commentary was a bit on the nose at times but I like what it did and for those who are younger or maybe had questions about aspects of the first 3 films what they were doing and what they were meant to be I feel like they filled it in nicely",assertion,
They were. This was new to them.,assertion,terse factual claim about characters
"To me it felt like they were supposed to make a trilogy, and then decided to just finish up the story and maybe do a third messiah movie somewhere down the line

Having part 2 be about his time with the Fremens, gaining their trust, winning territory, and then ending it with getting pushed back to the South would have made more sense imo. Then Part 3 is about the storyline in the south, becoming the chosen one, and the final battle",assertion,
"But, like, what are people reading to think Dune is a challenging book? I know that guy TheChrisLambert reads a lot of movie reviews so that his interpretation is always ""objectively"" right.",assertion,engages whether Dune is a hard book but mostly a jab at a person
"I 100% agree that in some spots it felt like a Nolan movie. The all over the place editing and erratic moving throughout the plot with seemingly only one goal, moving on to the next big set piece",assertion,"cites editing/Nolan comparison but decoratively, no specific scene"
Which they failed in imo. It felt like he was there one afternoon in the desert with Chani just messing around.,assertion,
"The movie is called Dune, Mr. Movie man. Why is that I wonder? The only point of comparison is the source text which, again, you have clearly not read. Stop calling people stupid and go get some exercise. It's an ""objective"" truth that it's good for humans, literate or not.",assertion,argues adaptation/source comparison point mixed with personal jabs
"personnaly, the dread of it all, the layer beneath the sensory overload that made the experience a symbolic driven catharsis, was how much these themes were relying on both family and tribal structures, and how the narrative translate to what the experience of cinema fundamentaly is - this stemming from what a visual narrative experience entails and how we relate to stories. 

all of this is very well articulated in the movie, in the pacing of the scenes and the overall structures. 

maybe it's not overly complex in its formulation of those themes but there is a lot it can give to chew on. you just have to go and lake the analogies between different visual elements. it demands you to interpret the dreams, if one could say so. look in the pond and ponder.",assertion,
"> In other tangents, his main criticism of ""Anatomy of a Fall"" was that no one else could have killed the husband (ummm, how about the husband?).

If you took that film to be an actual murder mystery then the point of the film flew right over your head.",assertion,"engages the Anatomy of a Fall interpretation but via a bare counter-point, no scene detail"
This. Helms Deep had me on the edge of my seat because I truly cared about the outcome and the wellbeing of the good guys. In Dune 2 I honestly couldnt care less about the “good guys” surviving. Had zero emotional connection with the main characters,assertion,uses Helms Deep as comparison but the point is lack of emotional connection (feeling)
"IF WE AREN'T MEANT TO COMPARE IT TO THE BOOKS (sic) 
THEY SHOULD'VE CALLED IT ""TheChrisLambert's revised and objectively correct story which leans heavily on Herbert's Dune but changes the story completely for people who don't read much""",assertion,"sarcastic adaptation-vs-book point, no specific instance"
"I enjoyed Yesterday. It was released during a time before the whole alternate universe thing got stale. I like that he became famous because I really pulled for that character. Your scenario would have been a depression fest. Of course I’ve seen Requiem for a Dream, Schindler’s List, and Oldboy… but by doing a sort of A Star is Born with a guy in that universe, it’s charming. Kids can watch it too. I miss films like this. Kids with their parents deserve to both be able to go to cinema together and not be tortured with superhero or over the top cartoon.

I liked the plot of Yesterday.",assertion,
Its weird because I did feel like the climax went by to quickly. (Except for the duel there wasnt a single moment where I felt anything even approaching tension.) But I also find the color palette of the majority of these movies to be so fucking boring that I just kind of wanted to leave in the middle of the big battle.,assertion,"mostly boredom/feeling, scene refs decorative"
As someone who hasnt reed the book I kind of feel like that added to the scene tho? That he doesnt need to be able to fight any of them he just needed to convince them that was the case?,assertion,
We can refer to the canonical lynch film for that,assertion,"brief pointer to the Lynch Dune film, minimal claim"
"I think what you’re getting at is actually part of the movie’s strength.

It’s not a modern story of complex and conflicted protagonists finding their way through a morally grey world, but unabashedly an epic romance and a story of heroes and villains. In that sense, archetypal characters serve the story best, giving everything this heightened and certain feel, where the stakes and the world and the people are clearly defined.

Kinda like old stories of knights and princesses and dragons.",assertion,
"Yeah compare them to say, James Cameron, who makes visually impressive, but for me anyway the emotionally vacuous and uninteresting Avatar movies",assertion,
We actually watched this a few weeks ago and I agree completely with you. Something about it felt dated and despite the great score and some flashes of brilliance I don't think it's one I'd rewatch again or rate as highly as I once did. The script is a lot weaker than I remembered.,assertion,
"Whew, thought maybe it was just me on Zendaya. She is not good at romance and affection.",assertion,
"I had all the same questions, but I feel like the movie very deliberately doesn’t answer them, I think it’s a stylistic choice honestly. Personally I love it, it just makes me want to watch again or read more about the lore",assertion,
I recently watched this for the first time and felt the same way. I suppose the subject matter and the way it was treated could have been unique at the time it came out. I found the film pretty unremarkable,assertion,
I mean SHOWING UP literally just played at Cannes and it's on here. There has been way more opportunity to see Babylon.,argument,
"When Sight and Sound's 50 best films of 2022 (generated from submitted critics top 10 lists) came out on Dec. 19, Showing Up got an even higher ranking of 13 (from 12 votes).

I don't know Babylon's exact release schedule (first showing November?), but it shows it's first review on RT was in mid-December.  Most or all critics top films of the year lists were already out by then...",argument,cites specific Sight and Sound ranking and RT review dates as factual evidence for release-timing argument
"What did you like about Northman? 

Felt like a film that was adding in spooky action scenes to reach mass audiences. But the action was pretty boring in retrospect, the twist with Nicole Kidman was telegraphed, and I had no reaction to the last 30 minutes other than thinking Skaarsgards character wasn’t much of a hero if he got his ass kicked for most of the film and then couldn’t even beat his “evil” uncle. 

Not sure what the point is of wasting the screen time to get that badass sword when he spends most of his screen time in bandages from aforementioned ass beatings. Also not sure why the film tries to mythologize the journey by pretending the psychedelic vision of a family dynasty justified the entire revenge plot. In reality, the kid probably would’ve preferred to grow up with a father. Pretty soulless film with zero takeaways.

Hats off to the choreographer though I guess.",argument,
i disagree with the idea that jeff seems more real with dorothy. maybe that was the intention but…they barely say two words to each other?? to me he’s more fascinated with her in the way that a lot of men think they like with just cause you’re pretty without actually getting to know you lol,argument,
"Studios set up critics' screenings and send digital copies of the movie to critics. Believe me, it was seen by every serious critic that works for a major outlet or is a member of a major critics' association or awards group.

Films by major directors, production and distribution companies and/or awards season potential opening in December (even the last week of December) is not a new thing, and it's film marketing 101 to have it in front of critics and award show voters before top 10 lists and nomination ballots are due.",argument,
"Apart from a phenomenally shot first act that easily reaches the heights of any other Eggers film? It gets the time in many ways so damn right, and the atmosphere of that time. Maybe you don't care much for that topic or time period but as a fellow fanatic of the likes of Wardruna and a keen interest of paganism & Co. this film just hits all the right notes. It's such a delight that Eggers repeatedly showed to take religions very seriously even when he directly criticizes their effects as in The Witch - and his take on nordic mythology wasn't some cool Odin cliché, it was straight up how vikings might have imagined their Gods. Gorgeous.

The climax didn't do much for me either and you notice that that volcano scene has probably been pushed by the studio, but what do I care when half of the movie is a masterpiece? A film can be exceptional even if it fails in some regards - the same is true for Babylon.",argument,"cites Eggers' serious treatment of religion/Norse myth vs cliche as evidence, borderline assertion"
"It feels rather snobbish to just exclude Avatar 2 from the list. Film snobs seem to love to hate on the late James Cameron. That being said, there's no argument that the plot of 2 is once again predictable and has a lot of cliches, but Cameron does not care for these kind of things. He wants to play some high notes and in the meantime explore some very basic philosophical ideas in a fucking breathtakingly gorgeous way - nothing wrong with that. That might resonate with younger people much more than any didactic masterpiece such as *The Tale of Iya* might do (like a fairy tale maybe). And with me, but I just take films at face value if that makes sense. Also whales. <3 :D

I found it to be a more impressive films than quite a lot of the titles named, the same is true for The Northman, Athena and Babylon. Lists are always somewhat arbitrary but this still irks me sometimes.",argument,
"For someone who was really young in 1995 your post is filled with boomer-level ""phones = bad"" ideas about young people.

People still strike up conversations and make new connections and wonder around cities without navigation despite having smartphones.

There are plot points that wouldn't work if the movie is made and set today - namely, the ending, since not exchanging phone numbers, e-mail or social media accounts WOULD actually be too contrived if set today - but you can definitely tell a story about two people who meet by chance and spend an entire day together in a European city.",argument,
"Whilst there are natural lines to be drawn with Seventh Seal, what with Death as a character, the film is a remake of Death Takes A Holiday from 1934, itself I believe an adaption of an Italian play.

I haven't seen the original but it seems to be held in quite high regard and most likely a superior film to the remake.

I always felt it was a kind of hollywood double hit like deep impact/armageddon alongside City of Angels. Both came out in 1998 and were existential romances dealing with the afterlife that were remakes of (certainly in the case of City of Angels) far greater more profound works, stripping out any artistry and deeper meaning and pushing it into a very vanilla 90s studio romance mould.

I think it's still watchable and a decently made film, better than City of Angels (though that had Iris by GooGoo Dolls going for it) but nothing to trouble any classics lists and very much of it's time.

There was definitely a lot of potential for a deeper look at love/mortality and fleshing out of the characters. From what I remember it was pretty bog standard in terms of filmmaking and cinematography as well with no real voice or point of view.",argument,
"It’s not a stoner film. The main character (and only the main character) happens to smoke weed. He doesn’t even do it that much. It’s not at all a stoner movie, nor does it try to be. The fact that the main character is lazy and highly unmotivated is way more important to the story than the fact that he smokes an occasional joint in the tub.",argument,
"i don't agree that it sucks, it's at least nice to look at and the score is great, but it does make me sad that they made a movie where they could've done anything they wanted, constructing an entire dream world with its own logic, and instead they jumped between what felt like levels in a video game",argument,
"First, thanks for writing this. Well done. I loved this movie. 

Note: It isn't quite a love triangle, in that there is no third side btw, but I get your point. 

I understand wanting more about the history of Nora and Arthur, but I think it was a masterful call to not dive deeper into Nora and Arthur's past. While it could have added a bit of detail, it would have stretched the movie and all we actually need to know is that they love each other and have a long history. And that's already established. 

> The movie shows that we can hold onto the reality of Nora and Arthur's practical compatibility as a loving couple, while also cherishing the wistfulness and sentimentalism of Nora's history with Hae Sung.

Perfectly stated. And that's why I appreciate the character of Arthur. He realizes this too. And because of that, I don't find his character tragic in any sense. He is accepting that his world could change, is trusting that their relationship is strong enough that it won't change, and is supportive that people can have a broad range of emotions that aren't mutually exclusive. 

Again, thanks for your write up. I really enjoyed the movie and your thoughts.",argument,
"No he didn’t. He chose to misdirect his anger towards an innocent man named Sal and destroy his restaurant. Sal had nothing to do with what the cops did. Radio Raheem was killed because him and buggin out came into Sals restaurant and started blasting music and screaming in his face, Sal got mad and smashed his radio and then he grabbed Sal and started choking him to death so the cops came and killed radio Raheem unnecessarily. It was awful but it wasn’t exactly unprovoked. The only one in the entire movie who actually was ‘right’ was Da Mayor.",argument,
"You totally miss the point when people talk about this movie. They’re not saying Radio Raheems life is unimportant or less important than sals pizza place, they’re saying that Sal was completely innocent and had nothing to do with Radio Raheems death and that Mookies anger was completely misdirected. If anyone is responsible for his death besides the police, it’s buggin out. The cops killing radio Raheem was horrible and totally unnecessary but it’s not as if it was unprovoked on his part, after all he was trying to choke Sal to death. Sal was completely justified for breaking his radio when those assholes come in blasting it and screaming in his face.",argument,
Spike Lee confirmed this isn’t true. Mookie did it purely out of misdirected anger and blamed a completely innocent man for Raheems death.,argument,
">I agree that it is probably one of the most important films ever made

u/adamlundy23  
It's top 5 in the TSPDT list along with Citizen Kane, Vertigo, Tokyo Story and 2001 Space Odyssey. They collect a list from all critiques' and directors' favourite movies from all times and create the list. It's a very good list if you want to learn about which movies are recognized: [TSPDT LIST](https://www.theyshootpictures.com/gf1000_startinglist_table.php)

As others say, it gets better when you learn more about it and rewatch. But it's very hard to watch since it's moving so fast all over the film that's why it's annoying for me but as a movie lover I mostly like more when I read and learn about movies instead of a short time enjoyment but yet the movie was hard to watch :)",argument,
"Why tf would he hire black and Hispanic strangers when he could have his two sons work there. Unlike most people in these shit neighborhoods Sal is actually passionate about what he does. He calls Radio Raheem the N word after they barge into his place blasting music and screaming and call him slurs first. Sal did nothing wrong, I literally can’t think of one reason why what happened was even remotely Sals fault. It was completely buggin outs fault. Also, why would he put MLK and Malcom X on the wall of a pizzeria owned by Italians? That would be really weird.",argument,
"He died because he got manipulated into barging into Sals business screaming and blasting music. Naturally Sal gets angry and smashes his radio, then Radio Raheem attacks Sal and starts choking him to death. The cops come and yes what they did was awful and unnecessary but it certainly wasn’t unprovoked. It’s not as if they killed him strictly because of his color. That was definitely a factor but the main reason was because he was being violent af.",argument,
"Well, it's not ten minutes, it's six, but you can do the math: a movie running 25fps instead of 24 gets one second ahead every 24 seconds. If a movie should be 7200 seconds long (two hours) but you're getting ahead by one second for every 24, then that's 300 seconds faster by the end of the movie (5 minutes).

This is no longer an issue in the blu-ray era, as pretty much everything is presented in 24fps that's supposed to be, but OP has a DVD, where this problem was a necessary fault of the format.",argument,
"But Blondie double-crosses Tuco first?  All of Tuco's plotting against Blondie is in retaliation for Blondie's initial action.  When they're talking at the beginning of the film, he says:

""Whoever double crosses me and leaves me alive understands nothing about Tuco.""

This heavily implies that this isn't an ongoing thing -- they've been true to each other so far.  So, based on the film Blondie is the one who couldn't be trusted because he leaves Tuco to die in the desert first.",argument,
"One of the biggest recent comedy movie successes I can think of was Weird: The Al Yankovic Story, and that movie thrived off word of mouth from eager Weird Al fans who were hungry for another comedy movie event from their hero.",argument,"cites a real film's word-of-mouth success as evidence for claim about comedy events, borderline assertion"
"I don’t care that this is ten years old. The thread is here and so I will offer my two cents:

Lynch famously never explains his pictures. Partly because he doesn’t want to ruin the mystery and partly because I think he genuinely doesn’t know what they’re about himself. 

He fishes his ideas as you would fish a fish a fish. It usually starts with a mood or a feeling or a scenario and he just goes from there. 

In terms of ambience/mood I think he hits the nail on the head with Eraserhead, Lost Highway, Mulholland Drive and Inland Empire. With these films there is a sense of something going on that makes sense yet in a world which makes absolutely no sense whatsoever if that makes sense…!!! 

Wild At Heart looks amazing and under closer inspection almost makes sense if understood that it is made by a filmmaker who I think is having his own private chuckle at the audience’s expense.

Never saw Blue Velvet, Twin Peaks or Dune all the way through. 

Elephant Man can still choke me up today. 

Straight Story was ok but not a film I’d rush to watch again.

What Did Jack Do? Was like a dad joke which even went over my head. The only good thing about it was it’s length. I think he was onto something here. 

So yeah, I don’t think it’s just you. Box office takings tell their own story and whilst I don’t expect Lynch films to be pulling in a billion dollars, it’s kind of telling that they consistently underperform. ‘Out there’ ideas are all well and good but an audience do expect them to make sense on some level otherwise what are we talking about here? Two hour Rorschach tests?

What Lynch films do make are excellent background pieces if you’re having a party or you just want some non-intrusive images going on. Fellini and Antonioni also make some excellent background films.",argument,
"Yeah, about 90% of the time when there's a runtime discrepancy, this is the reason. The pitch is usually slightly off on these releases too, since it needs to keep time with the faster speed.",argument,"general technical fact about runtime/pitch in transfers, checkable"
"Thanks for your thoughts. I think you're right that Arthur is not actually a tragic figure. He only feels like a tragic figure over the course of the movie because it focuses on Hae Sung's visit, and it is understandably difficult for Arthur to process Hae Sung's unique connection with Nora. But ultimately Nora is fully committed to Arthur. That doesn't mean Hae Sung is a tragic figure either - as Nora says, Hae Sung knows that he can always cherish the memories of the girl he knew and the possibilities there were at the time, even if now those possibilities are no longer a practical reality.",argument,
"One of my favorite aspects as first generation immigrant kid is that it's also a fantastic parallel for how it can feel to look at your parent's country. Choosing between her American husband and her Korean admirer almost feels like a choice between the culture themselves. 

Hae Sung is almost the perfect Korean man. He represents these virtues of Korean culture, quiet masculinity, obvious intelligence and ambition, and being physically fit. The idea of visiting Korea is so strongly tied to Hae Sung throughout the story that it feels very much on purpose to me to make this parallel. He represents more than just their young love, he represents her going back to the her Korean roots. 

Arthur isn't very traditionally masculine. He's pretty soft and artsy. Almost the opposite of Hae Sung. He's not chiseled or perfect or anything. But Nora knows him, she fits him like a glove, and they are an ideal couple emotionally. 

That's how I feel about my parent's home country and the US. Even with how perfect Guatemala can feel when I visit and how much I can criticize the US, America is still the home I love. Just like near the end of the film, maybe in a past life I was someone who was perfectly in love with that other country and knew it as well as I do the US now. But that's not this life. 

Great post OP, and thanks for the space to talk about the movie!",argument,
"Two people each loving the same third person certainly makes a love triangle, just google around for how the phrase is commonly used.

I totally agree that the lack of details on Nora and Arthur’s relationship is not a weakness, though. It’s *essentially* a tale about Nora and Hae Sung in which Arthur is crucially involved, not an even three hander. The pillow talk scene between Nora and Arthur is more than enough to establish them as a couple for me. As well as the hilarious scene the next morning where he asks her questions about him, such as “When does he leave, again?”

On the topic, the film really took a step up for me when everything was laid out on the table in their marriage. It’s not a worn out tale about an affair, and of course it’s not some pure romance that ignores the third party. Not that anything is fundamentally wrong with those ideas, I love everything from *Brief Encounter* to *Before Sunset*. But I thought this was a really beautiful addition to and variation on the canon of lovesick films.",argument,
"Can’t fault your feelings if you thought the middle lulled, but I don’t understand how your suggestion could work structurally. We need them to have romance as adults for the final act to be remotely effective. Hae Sung has to represent a more meaningful connection than “childhood crush.” The long distance “relationship” and subsequent fizzle was fundamental to the themes: that they were so close to working out, but circumstance made it *just* impractical enough that they stayed apart. Maybe in the next life.

I also happened to find it very poignant and relatable, but that’s not a question of thematic bones.",argument,structural reasoning grounded in the film's themes
"I see your point and hadn't considered it that way.

They reasons I liked it the way it was built was for the naked desire:

Miles misses his friends from movie 1. He wants to be with them and Gwen. He feels like he doesn't belong anywhere and then the girls she wants comes back and tells him there's this small spider group she's in. So he gets closer to getting what he wants, but it's still denied to him so these:

> Miles is interfering with the canon, Miles is not meant to be Spider-Man

for me are part of one big reveal: going from one of life's tragedies into the other (as Wilde defined them). His crisis at the middle point of the movie, kind of middle of second act, is going from not having what he wants to having it. And there lies the tragedy, he now has to confront his desire as a pure ting without fulfillness (because it cannot be fulfilled, nothing fills the incompleteness).

So he is now confronted with a reality check of thins not being what he thought which makes him appreciate what he was dismissing even more: his family, not the spiderfamily, but his parents. And that is why IMHO (and for me) the final reveal about the dimension hits so hard: again he want something, belonging. He thinks it might be worth giving it a chance revealing his identity. No more lies to his parents, as he didn't like being lied to by Gwen and Peter B. He's different. He, once again, masks his desire with something achievable and when he finally gathers up the courage to talk to his mom, the reality hits him again.

And the bittersweetness of it all is coated with hugging his uncle again. The one that died because of him. One more chance with him that is, literally taken away, by himself (other Miles).

So thrice he wants something. Thrice he gets it. And each time it's taken away by either others, circumstances, or himself.

So while I think you have a point in how you experienced it, I think the spreading out actually worked for the repetition and reinforcement of the theme: desiring, obtaining and realizing that's still unsatisfying.",argument,
"I agree that ESB is better structured. I would argue that ATS while does build the confrontation with Spot, that is akin to the buildup of the Emperor. The antagonist for ATS is Miguel and that, I think, is one of the strongest points of the film, and even for those who don't agree, at least I hope I can express a valid point to consider:

Usually in superhero movies it is pretty common to have proactive villains and reactionary heroes. 

Villains want to change the world, which makes them compelling and interesting, and heroes end up trying to keep the status quo.

Classic example is Batman (let's go for Nolan trilogy, but Burton's film work as well, as do even Schumacher's): bad guy wants to do something different and is tired/fed up/bored/angry at the current state of affairs. Then comes capitalist Batman to solve problems by punching people and keep things as they are.

Same with big bad evils like Thanos, Mysterio, Whiplash, Loki, etc.

Sure, a lot of de-construction has happened around these topics for decades, but this formula is still pretty common for (not exclusive to) superhero films.

Problem is that because they're villains, they are mostly written up badly: At best they execute their plan in evil ways (Joker), or at worst in really stupid ways (Thanos ffs). Because audiences should understand they're bad and shouldn't root for them, right?

But this one switched that around (like Ironman did in the first one and I think it's a big strength of it even if, villain was smart and dumb at the same time): Miles is the one that wants to change stuff up. He is fed-up. He is tired of how things are and when big reveals happen he doesn't care. Miguel, the antagonist is the one keeping the status quo: He wants to keep things as they are and he wants to do so for also seemingly noble reasons.

I don't know the plot of the comic so I only have ITS and ATS to go by. I do agree there's a lack of closure at the end, but I also think the plot of this one was not only setup for BTS and it did this things right.",argument,
"I do think Miles matured through the film in an internal way:

He matured through discovering he didn't really want what he though he wanted (at least 3 times) and at the same time having a new appreciation for both what he's capable of and is free will and the love of his family.

We do need the closure from BTS, but while his process is ongoing (like Paul's in Dune and Luke's in ESB) we do see his change from the beginning of the movie to the end.",argument,
"I admit that I have a bit of a knee jerk tendency in my personality to go against the grain. It's definitely a character flaw. You're definitely right that the notion of the film bro should include wanting to be edgy for edginesses sake. Many teenagers have that desire to be iconoclastic whether it's conscious or not. I'm far from a teen but still have this issue, I must admit.

I thought the ""suffering for one's art"" thing could have made more sense or been a better devil's advocate argument if jazz was really embraced as music. If Teller's character had a true love for the art, then suffering would have been at least arguable. Suffering in order to aggrandize oneself solely is stupid, lol. Suffering in order to play a jazz standard someone else made, but play it really, really fast is stupid.",argument,discusses Whiplash's suffering-for-art theme with specific character points
"An Oscar nomination is not necessarily some ""official"" determination of what's great or not.  Secondly, there's only room for 5 nominees. You should look at the other four nominees that year in addition to Barry Lyndon.  They likely will have had some pretty impressive cinematography.  Interestingly enough Bill Butler was nominated that year for another film ""One Flew Over The Cuckoos Nest.""",argument,
">I just watched JAWS for the first time, great film, great story and action loved it. But there was one thing I loved more about this film, the cinematography. I was amazed by it. Yet, how was this not nominated for the Cinematography section at the Oscars. Of course, with Barry Lindon as another nominee JAWS had no chance but it was still a great competitor.

Because it was a horror movie, and that genre is almost always neglected by the Oscars.

But the same cinematographer got nominated that same year for One Flew Over the Cuckoo's Nest. You could think of the award being for both films.",argument,
">Because it was a horror movie, and that genre is almost always neglected by the Oscars.

Yeah, but OPs point is well-taken because the Academy did nominate Jaws for the other major categories... It obviousy didn't win, but it was nominated!",argument,
">But the same cinematographer got nominated that same year for One Flew Over the Cuckoo's Nest. You could think of the award being for both films.
  


Indeed, a very good film",argument,"cites the cross-nomination fact, brief"
"There's one in theatres right now, No Hard Feelings. Bottoms is coming out soon too.I just thought of Shiva Baby and Do Revenge, too. 

People just aren't going to the theatres to see those kind of films anymore. Its all migrating to streaming either as movies or TV shows.",argument,lists specific comedies as evidence for streaming-migration claim
"Very much on point here. I think Nietzsche wants us to confront a sort of nihilistic quality of culture and the story we're telling ourselves ONLY long enough for us to register this as an underlying reality.

The confrontation with nothingness in life is necessary in so much as it causes us to re-evaluate all values and make us reach for something beyond ourselves, values of our own creation, what those are... is up to each individual.

As to OP's comments relating to the Eternal recurrence of the same, I'm not sure it's so much of an acceptance of the unrelenting repetition of all moments in life and to succumb to their inevitability but rather that we ought to embrace both pain and suffering in the EXACT same way we embrace happiness and joy. This is the path of the ""overman"" and not one any of us can realistically take... but it is the ideal.

If we consider the fact that painful boring moments are eternal, why overcome them, why shy away from them? Embracing the lowest low and the highest high is the only way we can reach beyond ourselves as human beings in a way.

Turin Horse certainly deals with some very Nietzchean themes but if we're trying to understand Nietzsche through this film, it's certainly not focused on a number of his most important projects.",argument,heavy Nietzsche theory tied to Turin Horse's themes
"Glad there are more of us! I've started to wonder if I'm the only one who appreciates this movie as a masterpiece. I watch a lot of films, and I always come back to this as my favourite. I just watched it again, and there's always more subtle details I pick up on. The acting, the mood, the dense plot, the music. Everything is as good as it gets! 

I'm sad to se Thomas Alfredson held back after The Snowman which had problems with funding, so filming had to be severly cut short. 

You should see Alfredson's ""Låt den rätta komma inn"" too. Same grounded and methodic approach to a vampire movie.",argument,praise plus the Snowman funding fact and naming another Alfredson film
"Great analysis! I think you're absolutely right that for Nora, Hae Sung represents nostalgia for Korea and an urge to hold onto her roots more than he represents an actual love interest. Hae Sung's visit forces Nora to confront the fact that all the years she spent in America have slowly but irrevocably changed her in fundamental ways and is no longer the young girl she once was in Korea. 

(For Hae Sung, on the other hand, Nora is absolutely still a love interest, even though she also represents perhaps a longing to return to his youth.)

I think the big takeaway I have from this movie is how the stories we tell ourselves, whether about our life story, childhood, culture, or love life, are such important parts of our identity and what gives us meaning. And sometimes the most magical stories are just too far from reality for us to accept, and they need to appreciated just as the ""what if"" stories that they are.",argument,interpretive but grounded in specific character dynamics
"Studios are playing it safe and just rehashing stuff they previously did. I read an interesting piece of information the other day: if you exclude 2020, when studios were pulling all their big fare to put on hold, of all the top 10 movies since 2016, only two of them were completely original, i.e., not based on comic books, a remake, or something of the sort.

But if you're starved for these kinds of movies, the 70s through the 90s were something of a golden age.",argument,
"The Oscars' idea of great cinematography is stuff like Out of Africa, The Sound of Music, Braveheart, Lawrence of Arabia, Dances with Wolves, etc. That is to say wide open vistas of magnificent nature, epic battlefields, gorgeous stars, etc. This isn't necessarily bad, but it's a very narrow lense to look at the varieties of the form

It's the same thing that happened with Point Blank, Shame, Night of the Hunter, Red Circle, Carrie and countless others. They just don't fit the type.",argument,
"I missed it in theatres sadly.

I concur with what you say though.
It did feel a bit like him making peace with himself - an older man looking back at an enfent terrible. It's almost as if the Tilda character shows him what his life could be like: enjoying things. The bear joke too.

I'll be interested to see what he does next. It's another Netflix project and for some reason I think it's gonna be a bit of a left turn.",argument,interpretive but cites the Tilda character and the bear joke as support
"Wow a reply to a seven year old comment. Not sure it was mine you were replying to? It looks like I'd said it was random:

> But he is also arbitrary. He will kill indiscriminately, randomly. Anyone, just as a matter or consequence of chance. That's life. I think the nature of the randomness is the scene with the gas station owner.

Death comes for us all",argument,meta reply but cites the gas-station-owner scene for a claim about randomness
"I don't have anything in mind specifically around the time of Jungle Cruise, it was mostly just an easy target for the ""semi-successful on an insanely big budget because they poured a fuckload into marketing (rather than anything special in the film itself).""

I think the bigger thing I'm getting at is that it feels like these things can be, on some level, self-fulfilling prophecies. Now, I obviously don't think giving a 50m marketing budget to a Bela Tarr movie is going to make it a smash hit, but there seems to be some sense in saying that if studios invested in directors/risk takers like they used to, there's potential for interesting new developments in the media. A24's development from distributor to production company is a good example of this.

Studios like to pretend that they're just responding to 'what the people want', without acknowledging those same studios helped shape that taste.",argument,
"Yeah I think it's an interesting interpretation, but not Fincher's intent, although films are the product of a director's psyche and subconscious.

 I can see it easily becoming the association people will casually make about it for years, but really I take Fincher at his word that he just wanted to make a straight up vintage B-movie about an assassin:

>The Killer is really just a modern version of a vintage B movie. Mention this to Fincher and Walker, and both will agree that that’s exactly what they were going for. The director recalls going to Netflix before they began production and telling them, “I’m going to do it stripped-down. This is a Don Siegel movie. It’s a fucking Michael Winner movie. It’s Charley Varrick, Get Carter, The Mechanic. This is meant to be ballistic.” Even the rapid-fire credits sequence that opens the film was meant to evoke the tough-guy procedurals of yesteryear. “The style can be described as: a Quinn-Martin production,” he says, bursting into laughter. “It’s Mannix chic.”

https://www.rollingstone.com/tv-movies/tv-movie-features/david-fincher-the-killer-interview-michael-fassbender-netflix-1234865655/",argument,
As someone who loves boring movies The Killer was simultaneously not boring enough to be interesting and too exciting to be truly boring. The pacing of the action was slick and it was highly watchable but there was not any meat on the bone. I liked the score and the first scene but I would rather watch Le Samourai than a pale imitation.,argument,"names first scene/score and Le Samourai comparison, somewhat decorative"
"It's not intended to be a career analysis, and that take is going to be unsatisfying to anyone but pretentious wannabes who will then point this out unprompted for years to come when it's brought up ☝️ 🤓 ☝️

>“But here’s the thing,” he says. “The question we asked ourselves going in was: Could you hitch a ride with a sociopath who may not have a lot of emotional bandwidth, make it an intensely subjective experience, but still give somebody something that’s compelling to watch, rather than repulsing them? And I think it’s an effective invocation of what we were trying to do by that criteria. I’ve done movies that have twists and turns, and maybe people are waiting for that stuff. Andy and I didn’t want to make a maze. We wanted to make an arrow: something that flies straight in one direction and hits a target.

https://www.rollingstone.com/tv-movies/tv-movie-features/david-fincher-the-killer-interview-michael-fassbender-netflix-1234865655/",argument,
"How on God's green earth is Gone Girl a miss? It was hugely successful, critically adored, and an awards contender (with many people still chiming in to declare that Rosamund Pike was snubbed that year as the Oscar winner), and is often in conversation as one of his best or a viewer's favorite among his work and of the last decade.",argument,
"The first song from the Smiths that plays in the film from the work playlist is ""Well I Wonder."" Jump to only 3 and a half minutes not the film to discover!",argument,
"I had the actual opposite response. I'm not a huge Fincher fan, but I really respected the tone of the filmmaking, how it balanced its action, story, humor and satire. I thought the idea of having a killer recite these sociopathic statements about taking every advantage and abandoning empathy was a hilarious way to satirize the way everyone compartmentalizes their complicity in this global capitalist system that dehumanizes the many for the comfort of the few.

We see the mask start to slip when his partner is put at risk. 

The battle between our most basic human emotions and the dehumanizing system of capitalism are central to both The Killer and Ernest in Killers of the Flower Moon. I found it fascinating they both came out so close to each other and are so thematically in conversation.

Added to this, there was clearly a lot of self-reflection on Fincher's part where he used the Killer to examine his role as filmmaker (standing around all day waiting to seize on a single moment) and the pressure of ""missing,"" even just once.

I think there's a lot under the surface of this movie. Not to mention, it simply works as some good fun.",argument,
"Definitely agree that it's complex, and your overall point is a very good one — it does become a self-fulfilling prophecy. 

That said, I don't think marketing is the only thing turning something like Jungle Cruise into a hit, though, given that it's got solid audience response. Marketing can maybe get butts in seats opening weekend, but it can't make people like a film. 

I think the problem runs deeper — before the marketing, it comes down to what kinds of movies studios are willing to invest in, and they are basically ""potential blockbusters.""",argument,
"As others have said, his rules, his talk of cold blooded analysis, of detachment, of a lack of empathy, are repeatedly broken and yet he continues to repeat them.

He contradicts himself over and over again and it begins to sound like he's out of his depth, that's he's far from this robotic, blank slate, this hired killer with no emotion, but is actually a rather frightened, paranoid individual who has to constantly repeat his mantra in order to maintain some semblance of control.

Of course, fleshing out his backstory and larger motivations might have given this idea some credibility - but we have to trust his stories of ruthless efficiency during past exploits as we never see any of it.

Still, despite the self indulgent aspects, the plot holes, I really enjoyed the film.

I thought it looked great, the pacing was fine, the performances engaging, and I was intrigued to see this man go about his business.

Fassbender, a fine actor, did a good job and his scene with the lawyer, and the aftermath with Delores, and Tilda Swinton were both excellent.

8/10.",argument,
"I always go back to the awful Mattel boardroom scene and the awkward cut revealing America Ferrera’s eavesdropping. Like, Greta, I saw Little Women I know you’re better than this!",argument,
"At face value, maybe. But I think there is much more going on under the surface. It felt like a fun take on a Jason Bourne movie, and it felt like a satire of a Jason Bourne movie. (Kind of how Barry Lyndon feels like both a great example of a period piece and a parody of a period piece). Not to mention The Killer is a sendup of Fincher’s own perfectionist persona. He has his little OCD methods and rituals, yet he still screws up (kills the wrong target, thinks it takes 6 minutes to bleed out from a nail to the chest, or makes a box-office bomb). And then his handlers (or film producers) are furious.",argument,
"Interesting and very good take, which I completely missed but it seems obvious now.  Thank you. 

\_\_\_

Though to be fair the Smiths lyric quote is misleading as the line is actually not a statement but a confrontational question.  The song actually goes ""You shut your mouth. *How can you say, I go about things the wrong way?*"" and of course follows up with  ""I am human and I need to be loved, just like everybody else does.""",argument,
"\>We learn at the beginning that Fassbender’s character has no empathy

This was the problem I had with the film. If he were this uncaring character, >!then he wouldn't have a girlfriend he loves. !<

And the fact that they use the final line of the film to >!state he was actually ""one of the many"" is fucking ridiculous because we knew that twenty minutes into the film when the girl is revealed.!<",argument,
">Where did I read misandry into the plot?

Here:

>Men more specifically. One man assauled(...) Other man raped(...) Same man stood by(...)it's these selfish twisted men destroying lifes.

This is all you.

&#x200B;

>Also what a hilarious thing to say about a movie where the plot revolves around a woman being brutally raped...

Exactly. A woman is the victim. Men are the bad guys.

&#x200B;

>All this was to say I don't understand why you said this movie's plot ""couldn't possibly be any more clear"" Imagine the movie without the text.

Why would you want to do that, when the text is actually there, spoonfeeding you the whole point of the moive? There's literally huge, flashing letters blocking out the whole screen, spelling out the message in its absolutely simplest form. And they don't say ""Men destroys everything"". They say ""Time destroys everything"". How could it possibly be made any clearer?",argument,
"Perhaps, but the rapid editing style reminiscent of MTV has consistently been a preferred approach for specific stories and directors. I am reminded of Oliver Stone's frenetic editing in the 90s, which transformed even a three-hour-long epic like ""Nixon"" into a visually challenging experience. This technique was even evident in Orson Welles' final and ultimately completed film, ""The Other Side of the Wind.""",argument,
"I've noticed that people grasp at subtlety as though it is some form of unheralded art. They'll point out the unsubtleness in a work (The Killer, being this primary example), but freely ignore the substance of subtlety within the work (in The Killer, the examination of id being at the forefront, among small details like the chorus of music chosen for his work playlist, reliance upon one particular handgun, etc.)",argument,
"Working in a mood of tranquil exuberance, the 80-year-old John Huston made a great warm, funny movie out of the great story that James Joyce wrote at 25. Huston never before blended his actors so intuitively, so musically. The party that the Morkan sisters and their fortyish niece give in their Dublin town house on January 6, 1904, the Feast of the Epiphany, suggests the Chekhov production of your dreams, or maybe one of Satyajit Ray's triumphs.",argument,
"It has got funny bits but suffers from serious genre confusion. I wanted it to be lampooning the character but honestly, he's a highly competent assassin and the movie spends a lot of time giving us conventional thriller entertainment like the fight with the brute. Of course it was poking fun at him frequently and that was when the movie was at its best by far, but he was right a lot of the time as well (e.g. Tilda Swinton's character was indeed pulling a knife). He wasn't a samurai manque in the real world, because this wasn't the real world but a thriller type reality. It seemed to me more as if movie-type killers were being mocked, but mocked from the perspective of someone who really likes them and doesn't want their bubble to be entirely burst. A bit of a halfway house.",argument,
"I wouldn't say it made me reevaluate him but I do agree with your assessment of the film. It lacks any depth or context.

Ultimately what sets this apart from any number of the many films about a professional hit man taking revenge against those who have hurt someone they love? Put simply, what even sets this apart from something like John Wick?

Fincher is technically superb. Sound design, editing, the colour of the shots. Yes all there. But the film offered little in the way of depth. 

I see people reaching saying ""he realised he's one if the many not the few etc"". A final like maybe but there's nothing else that indicates that. Does he grow or change? Not really. 

It wasn't dull. It delivered at a decent pace. But I also think the dialogue was like something on a reddit post as well.",argument,
"People who don’t have empathy don’t have to constantly tell themselves to not empathize with others. 

That’s a problem that I have with the movie. Fassbender plays the character as too cold when the entire narration is dedicated to him trying to detach himself from what he’s doing.

I thought it should have been played in a way where messing up on the shot  and killing an “innocent” basically sent him to confront the different parts of himself and his philosophy. The driver who is just doing his job, the handler who keeps telling him there is no point in fighting what he’s doing, the violence of the guy in Florida, the professionalism of Tilda Swinton, and finally the businessman at the end. 

That’s even why he doesn’t kill the money guy at the end because it will just lead him back in. He wants the money to stay away from him and not be a temptation.

Really this movie should have been about him becoming a human and escaping to love. It should have been filled with emotion. But instead it was just a cold and procedural like because that is Fincher’s style.",argument,
"“As if anyone gives a shit what these people think”

Well first of all you do care. You scroll past 99 percent of things you see on Reddit without feeling the need to make a post about something you really don’t care about.

I’m not a marvel fan either. But you really come across so far up your own ass calling people dweebs.

“Widely agreed by every respected member of the industry to be objective garbage”


This quote really shows you don’t know how Hollywood works, or what people in the industry respect. Is Ryan Coogler not respected in the industry?",argument,names Ryan Coogler as specific counterexample within snarky reply
"It's just tiresome to litigate this over and over and over, especially when the original argument has been misconstrued and blown out of proportion--but that's the internet for you! 

Scorsese is still making some of the most important work of his career, and he continues to make movies that are thoughtful and well-crafted. He's also one of our major advocates for preservation and film history. His whole thing is just, ""These movies aren't for me, and I wish we got different kinds of films that aren't afraid to be a little challenging.""

 And honestly, I think Scorsese is being vindicated. Comic book movies are flopping more frequently. The model of interconnected storytelling is overwhelming audiences, especially since the quality is diminishing. Meanwhile, a three-hour biopic like Oppenheimer has made nearly $1 billion worldwide. Yeah, IP-driven fare is still going strong, and even Oppy is still coasting on the brand of ""Christopher Nolan."" But people still want to go to the movies, and we are beginning to see the tides turn in favor of more audacious storytelling.",argument,
"Indeed. 
But if I recall correctly the audio is edited to isolate that line. I could be wrong though.",argument,"cites a specific audio-editing detail but hedged (""I could be wrong"")"
"I see this is going nowhere... I'm having to repeat myself to you.   
Why do you say ""This is all you"" No it's not. I didn't make to movie! I am saying what happened in the movie.   
1. ""Men more specifically."" Well yeah! They were men. Where did I lie?  


2. ""One man assauled(...) Other man raped(...) Same man stood by(...) it's these selfish twisted men destroying lifes."" Again, point to where I lied. I just stated what happened. It is a fact. You're the one seeing misandry here. I am just seeing men doing bad things in this movie. I didn't say men are inherently evil, that would be misandry.   


Why did you say ""Exactly. A woman is the victim. Men are the bad guys."" 🤣 WHAT! You inserted men as a whole in to this when it was just one man raping her that was a bad guy.  


Also how incredibly convenient of you to completely ignore the Caspar Noe quote. 

I'll leave this convo here and move on to letterboxd or something lol. My brain is falling apart.",argument,
"the audience knows he's a ""normie"" when he starts listening to the fucking Smiths lmao, his arc is him coming to terms with the fact that he isn't exceptional and is just like everyone else. why does it matter if the audience knows that already?",argument,
"I loved that he's in that position at the end of the film and there's still a sense of intense paranoia, the way a curtain moves in the background, their body language, the way his face twitches.",argument,
"I read your substack article with interest, and subbed also. 

I would tend to agree with your general comments while disagreeing about the effectiveness of the scenario given as a thriller. 

If Fassbender is a sociopath truly without empathy, why does he care what happens to his partner? Why all the self-talk trying to convince himself that he's really such a stone-cold killer? Do stone-cold killers like songs about shyness and writing poetry to girls in Luxemburg? 

And if he's really a normie after all, why don't we ever come to care about him? Why does he commit murders like that of the taxi driver or the secretary without hesitation? 

For me the film is not convincing enough to be a serious thriller, and not wacky enough to be a satire. It sits uncomfortably in the middle and doesn't entertain much.  It could be a meta commentary on Fincher himself but that doesn't satisfy me much either. 

For a dead serious drama-thriller I'd prefer something like ***Le Samourai***, for a wild entertainment ***Leon*** or ***John Wick***, and for something quirky and whimsical, Ghost Dog.",argument,
"I loved that he's in that position at the end of the film and there's still a sense of intense paranoia, the way a curtain moves in the background, their body language, the way his face twitches.",argument,
"But not always Fincher's style. ***Zodiac*** is extremely emotional both with regard to Jake Gyllenhaal's character, his wife Chloe Sevigny and his friend Robert Downey Jr. Though it is a highly procedural thriller, the core of the story is about the emotional toll all the murder has had on these people and even to some extent on the cop played by Mark Ruffalo.

Meanwhile ***Gone Girl*** is effective, I would argue, precisely because of the way Rosamund  Pike's psycho character impacts on the emotional mess of her husband Ben Affleck. He's flawed of course, selfish and dishonest, but has an emotional core that reacts strongly to his indignities and he cares a lot for his sister.",argument,
"It felt as close to an exercise in boredom as one can get. It is as if Fincher looked at John Wick and thought: how about that, but I’ll make it absurdingly boring. Oh, and the fight scenes? Pitch black, let’s make ‘em squint their eyes. I mean, I get it. I got it all. I just think that the movie could have been an email.",argument,"cites the pitch-black fight scenes and John Wick comparison, borderline decorative"
">Who here agrees that *Chimes at Midnight* is the best Shakespeare adaptation ever?

I do!

I think in a very close second is the Russian *Gamlet* (*Hamlet*) (1964).  Brilliant adaptation, and supposedly Shakespeare devotees Kenneth Branagh and John Gielgud consider it the definitive *Hamlet* adaptation.

Of course *Ran* (1985) and *Throne of Blood* (1957) are high up there, but I'm a bit torn on how to count them.  *Gamlet* preserves the full story and setting, only changing the language, whereas *Ran* uses *King Lear* (and an historical episode) as a jumping off-point.

Either way, I think *Chimes at Midnight* is the best, with a lot of great ones up there as well.",argument,
"Eh, I’d say that Zodiac still handles the emotional toll of the story in a cold way. 

I’d also say that Gone Girl would have been more interesting if Rosamund Pike’s character wasn’t so hollow. One of the weirdest acting choices I’ve seen was for Pike to put on a some sort of femme fatale voice for that role. You got to play against expectations there and she didn’t. 

I mean, he does a lot of movies about people doing horrific acts. If he really went into the emotional reality of these stories, they’d be too grim to watch. Can you imagine watching Seven if it wasn’t done in Fincher’s detached style?",argument,
"Hell, one of the great details of this movie was that the obviousness of his false aliases went completely unnoticed by every single person who saw them. The movie wants to make that point too!

An interesting thing I noticed in the streaming era is that a lot of this so-called ""content"" is designed to just be on. In the background. Playing in your earbuds while you multitask at work. Made to ask if you are still watching it after you fell asleep barely paying attention to it. Etcetera etcetera. I wonder if there is a contrasting dialogue of those who chose to see The Killer in the theater, where they were perhaps more intently engaged with the film, versus those who conveniently and/or casually watched it at home. The internet has made us all critics and the streaming era made us all consume more things we feel entitled to criticize.",argument,
"The very beginning is also extremely unsettling in cinemas. I think anyone under 12 might get super spooked. That and the gore (the cutting open of the shark, the injured pelican, the rock scene…)",argument,
"I thought the film was an extremely fun teen satire, however, i do think the film falls into its own trap and fails to fully capitalize on its own premise.

The film ostensibly wants to be a parody of teen comedies. It lampoons the genre to extremes and plays with the classic archetypes as you say.

But the movie also wants to be a sincere attempt at placing lesbians at the centerstage, and still tries to keep focus on the central friend conflict that we have seen in all the teen comedies it is trying to satirize.

In essence, it wants to have its cake and eat it too. It wants to make fun of all the teen comedies that came before while falling victim to the tropes it is trying to make fun of.

And so though I had an absolute blast at times, I couldnt help but feel a little wanting. I think this is most heavily illustrated through the character of hazel. Hazel gets done dirty by both story devices. She is too over-the-top for the sincere high school rom-com, but too intimately detailed for the outrageous parody. She seems stuck in the middle where she doesnt get enough screen time or development to feel like anything more than a tertiary character, but she is one of the movers and shakers of the plot.= that deserves more understanding.

Compared to two all time teen comedy classics that more confidently stick to their respective genres - Better Off Dead and Superbad - I think Bottoms fails to really strike the right balance and never makes its way to bonafide hit. But my god it is a breath of fresh air in a sea of mediocre comedies that I really couldnt care. Marshawn Lynch was hysterical and some of the background details had me rolling.",argument,
"> I didn't make to movie! 

No, but you're the one who chooses to read some statement about gender issues into it and focus only on the fact that ""IT WAS ALL MEN!!!!!!!""

It is of course everybody's right to interpret a piece of art in accordance with their personal ideology, but I'm just saying that I think your discernment comes far out of left field (pun intended).

Because the indisputable fact remains that this is a movie which tries to illustrate that ""Time destroys everything."" That's it.

As such, Noe could just as well have filmed a beautiful building breaking down over time, or a piece of fruit slowly rotting, or just a close-up of a person's smile fading away. It would all illustrate the same thing, only that wouldn't have been quite as dramatic, now would it?

However, like I've already written in numerous other posts here, he does use a plethora of other methods to hammer his point in. And the music, colors and camera movements all go from a state of harmonic tranquility to utter chaos.

BTW, your quote from Gaspar was obviously just one of his (famously) tongue in cheek responses to silly questions like this, which he is known to give at every opportunity :)",argument,
"> People who don’t have empathy don’t have to constantly tell themselves to not empathize with others.
> 
> That’s a problem that I have with the movie. Fassbender plays the character as too cold when the entire narration is dedicated to him trying to detach himself from what he’s doing.

But that was what the point of the movie was for me.

The Killer is a very, very deadpan comedy. More so than a thriller. It's a film about the lies we tell ourselves in order to justify our existence, it's about the way assassins (and especially movies about assassins) lionise them in a way that makes them seem cool and superhuman, when here Fassbender's character is not only kind of shit at his job, but seems like a bit of a dolt.

He spends so much of the film justifying his actions and believing in his own exceptionalism and how he's different from everyone else, and yet the tools of his trade are some of the biggest corporations in the world - WeWork, McDonalds, Hertz, Amazon.

Every single mantra he repeats to himself - ""Stick to the plan"", ""Only kill who you're paid to kill"", ""Empathy is weakness"" - he breaks over the course of the film. His disguise is wearing a white linen suit and Hawaiian shirt. He calculates exactly how many minutes it will take for the Lawyer to die by nails to the lung, only for the man to die immediately on him. All of this is extremely funny to me, and I think it's meant to be.

Fincher has a very dark sense of humour, to the point where most of his films I would say are pretty damn funny. The Killer feels to me a bit like Fight Club in the way it's been misunderstood or misinterpreted, and if you watch it purely as a surface-level, John Wick or Jason Bourne-esque thriller, it's lacking. But to me he takes the pulpy ""wronged assassin"" genre and tries to elevate it by having the entire film and main character telling us it's one thing, but instead being something entirely different.

I'm not saying that means it works for everyone (the consensus I've seen online is that it's a mediocre film), and I personally think it's a minor Fincher work. But I still think it's more clever and interesting than it first appears to be, and perhaps is a victim of the glut of ""badass assassins out for revenge"" movies that have been made over the past two decades that people are taking it entirely at face value and IMO misinterpreting what it's actually doing.",argument,
